utilisateur,commentaire,date,service,type_commande,pouce_leve
bernardGUILHEMJO,"martin a √©t√© d'une aide pr√©cieuse. Disponible, il a r√©pondu √† mes attentes concernant mon funnel. Je le recommande sans h√©siter.",25 janv. 2025 √† 07:05,https://comeup.com/fr/service/235530/creer-votre-tunnel-de-vente-avec-systeme-io-clickfunnels-ou-kajabi,COMMANDE PERSONNALIS√âE,Oui
lyes_ihabarchen,"Martin est tr√®s professionnel, √† l‚Äô√©coute r√©pond toujours pr√©sent, travail tr√®s propre",17 janv. 2025 √† 12:47,https://comeup.com/fr/service/235530/creer-votre-tunnel-de-vente-avec-systeme-io-clickfunnels-ou-kajabi,COMMANDE PERSONNALIS√âE,Oui
KevinThea,Merci !,24 d√©c. 2024 √† 21:12,https://comeup.com/fr/service/235530/creer-votre-tunnel-de-vente-avec-systeme-io-clickfunnels-ou-kajabi,COMMANDE PERSONNALIS√âE,Oui
KevinThea,top,10 juil. 2024 √† 22:32,https://comeup.com/fr/service/235530/creer-votre-tunnel-de-vente-avec-systeme-io-clickfunnels-ou-kajabi,COMMANDE PERSONNALIS√âE,Oui
KevinThea,Merci !,6 juil. 2024 √† 23:19,https://comeup.com/fr/service/235530/creer-votre-tunnel-de-vente-avec-systeme-io-clickfunnels-ou-kajabi,COMMANDE PERSONNALIS√âE,Oui
Marie_Santos,Commande livr√©e,4 juil. 2024 √† 16:03,https://comeup.com/fr/service/235530/creer-votre-tunnel-de-vente-avec-systeme-io-clickfunnels-ou-kajabi,COMMANDE PERSONNALIS√âE,Oui
KevinThea,Top !,4 juil. 2024 √† 03:10,https://comeup.com/fr/service/235530/creer-votre-tunnel-de-vente-avec-systeme-io-clickfunnels-ou-kajabi,COMMANDE PERSONNALIS√âE,Oui
KevinThea,Merci Martin!,1 juin 2024 √† 14:23,https://comeup.com/fr/service/235530/creer-votre-tunnel-de-vente-avec-systeme-io-clickfunnels-ou-kajabi,COMMANDE PERSONNALIS√âE,Oui
Flocha21110,"Excellent travail. Je suis tr√®s satisfaite du r√©sultat final et de votre professionnalisme tout au long du projet. Votre attention aux d√©tails et votre engagement sont vraiment appr√©ciables. Toutefois, j'ai trouv√© que le d√©lai de r√©alisation √©tait un peu plus long que ce √† quoi je m'attendais. Je comprends que des impr√©vus peuvent survenir, mais peut-√™tre pourrions-nous envisager une meilleure gestion du temps et une plus grande r√©activit√© pour d'√©ventuels futurs projets. Merci encore pour votre travail.",27 mai 2024 √† 07:39,https://comeup.com/fr/service/235530/creer-votre-tunnel-de-vente-avec-systeme-io-clickfunnels-ou-kajabi,COMMANDE PERSONNALIS√âE,Oui
KevinThea,Merci pour la r√©activit√© martin !,16 avr. 2024 √† 14:10,https://comeup.com/fr/service/235530/creer-votre-tunnel-de-vente-avec-systeme-io-clickfunnels-ou-kajabi,COMMANDE PERSONNALIS√âE,Oui
KevinThea,Merci,26 mars 2024 √† 00:23,https://comeup.com/fr/service/235530/creer-votre-tunnel-de-vente-avec-systeme-io-clickfunnels-ou-kajabi,COMMANDE PERSONNALIS√âE,Oui
KevinThea,Deuxi√®me projet avec Martin ! Le r√©sultat est excellent !,20 f√©vr. 2024 √† 08:31,https://comeup.com/fr/service/235530/creer-votre-tunnel-de-vente-avec-systeme-io-clickfunnels-ou-kajabi,COMMANDE PERSONNALIS√âE,Oui
KevinThea,Super Martin est r√©actif et cherche des solutions ; je suis pleinement satisfait de son intervention pour la cr√©ation de mon espace membre sur Kajabi,13 f√©vr. 2024 √† 19:36,https://comeup.com/fr/service/235530/creer-votre-tunnel-de-vente-avec-systeme-io-clickfunnels-ou-kajabi,COMMANDE PERSONNALIS√âE,Oui
Flocha21110,Parfait pour une 1√®re commande.,30 d√©c. 2023 √† 09:03,https://comeup.com/fr/service/235530/creer-votre-tunnel-de-vente-avec-systeme-io-clickfunnels-ou-kajabi,COMMANDE PERSONNALIS√âE,Oui
SAFWANE6978,"Tr√®s bon service de Martin, tr√®s disponible pour mes questions. Je suis tr√®s satisfait !!",21 janv. 2023 √† 15:44,https://comeup.com/fr/service/235530/creer-votre-tunnel-de-vente-avec-systeme-io-clickfunnels-ou-kajabi,COMMANDE PERSONNALIS√âE,Oui
gelly,De l'excellent travailler comme d'habitude avec martin qui fait un travail remarquable et conseiller pour travailler en confiance bravo et merci,16 janv. 2023 √† 11:53,https://comeup.com/fr/service/235530/creer-votre-tunnel-de-vente-avec-systeme-io-clickfunnels-ou-kajabi,COMMANDE PERSONNALIS√âE,Oui
Loth,"Bonsoir, Cr√©ation tr√®s satisfaisante de ma page de vente command√©e. D√©lai rapide en moins de 24 h. Monsieur Martin a toujours √† coeur de bien rendre son travail bien fait avec ponctualit√© et indications. C'est le troisi√®me travail que je lui commande et un autre est encore pr√©vu demain. Il y a tant et tant √† faire, et √† apprendre. √ß√† se fera √† mesure pour moi, et surtout en confiance. Souhaitant que les futurs clients d√©couvrent les qualit√©s de ce vendeur. Bien cordialement.",29 juin 2022 √† 22:15,https://comeup.com/fr/service/235530/creer-votre-tunnel-de-vente-avec-systeme-io-clickfunnels-ou-kajabi,COMMANDE PERSONNALIS√âE,Oui
samateliersynerg,Tr√®s satisfait de ce servive. Le travail est rapidement r√©alis√© et tr√®s bien expliqu√©. Merci pour ce service,7 janv. 2022 √† 12:53,https://comeup.com/fr/service/235530/creer-votre-tunnel-de-vente-avec-systeme-io-clickfunnels-ou-kajabi,COMMANDE PERSONNALIS√âE,Oui
Walidlemoniteur,Merci du travail ! serieux !,4 avr. 2024 √† 09:17,https://comeup.com/fr/service/225926/creer-votre-boutique-shopify-cle-en-main,COMMANDE PERSONNALIS√âE,Oui
Margauxmulero,Ce n‚Äôest pas la premi√®re que je fais appel √† cette personne je suis toujours autant satisfaite je recommande fortement,4 mars 2024 √† 12:21,https://comeup.com/fr/service/225926/creer-votre-boutique-shopify-cle-en-main,COMMANDE PERSONNALIS√âE,Oui
GillesBusiness,Parfait !,27 nov. 2023 √† 08:07,https://comeup.com/fr/service/225926/creer-votre-boutique-shopify-cle-en-main,COMMANDE PERSONNALIS√âE,Oui
GillesBusiness,üëåüèæüëåüèæ,24 nov. 2023 √† 06:56,https://comeup.com/fr/service/225926/creer-votre-boutique-shopify-cle-en-main,COMMANDE PERSONNALIS√âE,Oui
michel26262626,"Toujours au top, il est vraiment super s√©rieux et professionnel. Je le conseil √† tout le monde.",18 juil. 2023 √† 12:36,https://comeup.com/fr/service/225926/creer-votre-boutique-shopify-cle-en-main,COMMANDE PERSONNALIS√âE,Oui
S_E_L,"Merci pour votre professionnalisme. C'√©tait vraiment une tr√®s bonne exp√©rience de travail, je compte bien travailler √† nouveau avec vous. Patient, organis√© et √† l'√©coute, c'est tr√®s rare. Encore merci √† vous Martin. Tr√®s bonne continuation",24 nov. 2022 √† 20:13,https://comeup.com/fr/service/225926/creer-votre-boutique-shopify-cle-en-main,COMMANDE PERSONNALIS√âE,Oui
Osman_Pakii,"Merci beaucoup tr√®s tr√®s satisfait de l'aide de Martin, c'est un boss rien √† dire. JE RECOMMANDE FORTEMENT SON SERVICE DE QUALIT√â!!!",15 nov. 2022 √† 13:05,https://comeup.com/fr/service/225926/creer-votre-boutique-shopify-cle-en-main,COMMANDE PERSONNALIS√âE,Oui
kev1,Tr√®s bien comme dab,9 juil. 2022 √† 17:43,https://comeup.com/fr/service/225926/creer-votre-boutique-shopify-cle-en-main,COMMANDE PERSONNALIS√âE,Oui
Noram,"C'est parfait, tr√®s bon travail. Merci.",4 juil. 2022 √† 14:01,https://comeup.com/fr/service/225926/creer-votre-boutique-shopify-cle-en-main,COMMANDE PERSONNALIS√âE,Oui
Loth,"Bonjour, Aujourd'hui, un tr√®s grand jour TEST pour moi. 1¬∞. La page de commande r√©alis√©e est valid√©e par un achat. 2¬∞. J'ai d√©couvert o√π lire les notifications et montant de paiements et les mails r√©ceptionn√©s pour moi par Syst√®me IO. 3¬∞. J'ai √©t√© soulag√©e de savoir que l'auteur a envoy√© en automatique la formation command√©e. Rien √† faire pour moi. M√™me pas la page de remerciement. Test valid√© √† 100%. Et le PIRE , c'est que la veille en relisant mes tunnels, j'avais d√©sactiv√© ma formation, sans m'en rendre compte. Mr Martin, le soir m√™me, s'en est aussit√¥t aper√ßu et il a tout remis en place SANS que je lui demande rien. J'√©tais tr√®s embarrass√© pour formuler cette demande. JE VOUS LAISSE CONCLURE Excellente r√©activit√© dans le travail travail rapide Efficacit√© : accepte de faire les tests pour mon apprentissage et ma s√©r√©nit√©. Excellente ponctualit√© dans les rendez vous et les √©changes aussit√¥t suivis de r√©ponses. Souci du travail bien bien fait + EGARDS et Patience envers les personnes d√©butantes. J'arr√™te l√† pour avoir de quoi √©toffer mes prochaines notifications de satisfactions. Bien cordialement.",1 juil. 2022 √† 14:21,https://comeup.com/fr/service/225926/creer-votre-boutique-shopify-cle-en-main,COMMANDE PERSONNALIS√âE,Oui
afranyannickloba,pas mal,23 juin 2022 √† 13:02,https://comeup.com/fr/service/225926/creer-votre-boutique-shopify-cle-en-main,COMMANDE PERSONNALIS√âE,Oui
SambaLiss,Au top je re√ßois tr√®s efficace et √† √©coute merci,17 d√©c. 2021 √† 20:53,https://comeup.com/fr/service/225926/creer-votre-boutique-shopify-cle-en-main,COMMANDE PERSONNALIS√âE,Oui
Lokapart,Bon travail de r√©f√©rencement de mon site. Je recommande,2 avr. 2025 √† 13:15,https://comeup.com/fr/service/236434/faire-loptimisation-seo-et-ameliorer-le-referencement-naturel-seo-de-votre-site-internet,COMMANDE PERSONNALIS√âE,Oui
KevinThea,Merci pour le tunnel !,13 nov. 2024 √† 18:18,https://comeup.com/fr/service/236434/faire-loptimisation-seo-et-ameliorer-le-referencement-naturel-seo-de-votre-site-internet,COMMANDE PERSONNALIS√âE,Oui
Rabih_00,"Tr√®s satisfait du travail, du professionnalisme et de l'accessibilit√© de Martin",11 oct. 2024 √† 08:40,https://comeup.com/fr/service/236434/faire-loptimisation-seo-et-ameliorer-le-referencement-naturel-seo-de-votre-site-internet,COMMANDE PERSONNALIS√âE,Oui
EtienneGaulupeau,Merci,8 sept. 2024 √† 11:07,https://comeup.com/fr/service/236434/faire-loptimisation-seo-et-ameliorer-le-referencement-naturel-seo-de-votre-site-internet,COMMANDE PERSONNALIS√âE,Oui
ThierryP,"N√©o-M√©dias (Martin) est toujours comp√©tent, travail professionnel de qualit√© et rapide que je recommande :-)",16 ao√ªt 2024 √† 12:42,https://comeup.com/fr/service/236434/faire-loptimisation-seo-et-ameliorer-le-referencement-naturel-seo-de-votre-site-internet,COMMANDE PERSONNALIS√âE,Oui
KevinThea,Top,26 juil. 2024 √† 03:08,https://comeup.com/fr/service/236434/faire-loptimisation-seo-et-ameliorer-le-referencement-naturel-seo-de-votre-site-internet,COMMANDE PERSONNALIS√âE,Oui
Aime_JR,"Tr√®s bien, merci bien.",2 juil. 2024 √† 21:36,https://comeup.com/fr/service/236434/faire-loptimisation-seo-et-ameliorer-le-referencement-naturel-seo-de-votre-site-internet,COMMANDE PERSONNALIS√âE,Oui
RegisM,Super accompagnement. Merci bcp Martin ! Je recommande vivement !,1 juil. 2024 √† 19:17,https://comeup.com/fr/service/236434/faire-loptimisation-seo-et-ameliorer-le-referencement-naturel-seo-de-votre-site-internet,COMMANDE PERSONNALIS√âE,Oui
Fondation_FMM,Bon travail! Patient et communique clairement. Je recommande,21 juin 2024 √† 16:40,https://comeup.com/fr/service/236434/faire-loptimisation-seo-et-ameliorer-le-referencement-naturel-seo-de-votre-site-internet,COMMANDE PERSONNALIS√âE,Oui
KevinThea,Top,9 avr. 2024 √† 23:37,https://comeup.com/fr/service/236434/faire-loptimisation-seo-et-ameliorer-le-referencement-naturel-seo-de-votre-site-internet,COMMANDE PERSONNALIS√âE,Oui
SamPosters,"Je recommande vivement ! Martin est tr√®s professionnel, temps de livraison rapide, de tr√®s bonnes explications, de l‚Äôexcellent travail !",9 mars 2024 √† 20:11,https://comeup.com/fr/service/236434/faire-loptimisation-seo-et-ameliorer-le-referencement-naturel-seo-de-votre-site-internet,COMMANDE PERSONNALIS√âE,Oui
Aime_JR,"Tr√®s bien, c'est parfait.",28 f√©vr. 2024 √† 19:20,https://comeup.com/fr/service/236434/faire-loptimisation-seo-et-ameliorer-le-referencement-naturel-seo-de-votre-site-internet,COMMANDE PERSONNALIS√âE,Oui
Lyd_M,"Merci pour vos services et pour √™tre toujours √† l‚Äô√©coute, prestataire tr√®s comp√©tant!",26 f√©vr. 2024 √† 20:22,https://comeup.com/fr/service/236434/faire-loptimisation-seo-et-ameliorer-le-referencement-naturel-seo-de-votre-site-internet,COMMANDE PERSONNALIS√âE,Oui
RegisM,Compl√©ment SEO tr√®s bien r√©alis√© par MARTIN dans un temps record; Martin que je remercie encore pour la qualit√© de son travail ! Bravo !,21 f√©vr. 2024 √† 19:40,https://comeup.com/fr/service/236434/faire-loptimisation-seo-et-ameliorer-le-referencement-naturel-seo-de-votre-site-internet,COMMANDE PERSONNALIS√âE,Oui
LAtelierEn3D,Le travail r√©alis√© correspond √† ma demande,21 juil. 2024 √† 13:20,https://comeup.com/fr/service/224625/creer-votre-boutique-en-ligne-ou-site-e-commerce-avec-woocommerce-et-wordpress,COMMANDE PERSONNALIS√âE,Oui
LaurentBonnard,Personne s√©rieux au top tr√®s minutieux et comprend bien le bessoin du client,17 mai 2024 √† 20:10,https://comeup.com/fr/service/224625/creer-votre-boutique-en-ligne-ou-site-e-commerce-avec-woocommerce-et-wordpress,COMMANDE PERSONNALIS√âE,Oui
Margauxmulero,"Je suis de nouveau satisfaite, personne qui explique tr√®s bien je recommande totalement merci encore",26 f√©vr. 2024 √† 18:42,https://comeup.com/fr/service/224625/creer-votre-boutique-en-ligne-ou-site-e-commerce-avec-woocommerce-et-wordpress,COMMANDE PERSONNALIS√âE,Oui
Margauxmulero,Tr√®s professionnel je recommande,24 f√©vr. 2024 √† 10:30,https://comeup.com/fr/service/224625/creer-votre-boutique-en-ligne-ou-site-e-commerce-avec-woocommerce-et-wordpress,COMMANDE PERSONNALIS√âE,Oui
eventgraph,Merci beaucoup √† martin il √† √©t√© tr√®s r√©actif et √† l'√©coute. Son travail est de haute qualit√© et fait rapidement. Je recommande,4 d√©c. 2023 √† 20:46,https://comeup.com/fr/service/224625/creer-votre-boutique-en-ligne-ou-site-e-commerce-avec-woocommerce-et-wordpress,COMMANDE PERSONNALIS√âE,Oui
dialloahmed,C‚Äôest le 2e service et Martin est toujours aussi rapide et efficace. Je reviendrai et je recommande ses services √† vous tous qui passez par ici,30 nov. 2023 √† 00:07,https://comeup.com/fr/service/224625/creer-votre-boutique-en-ligne-ou-site-e-commerce-avec-woocommerce-et-wordpress,COMMANDE PERSONNALIS√âE,Oui
MaximeFsr,Parfait,19 oct. 2023 √† 11:54,https://comeup.com/fr/service/224625/creer-votre-boutique-en-ligne-ou-site-e-commerce-avec-woocommerce-et-wordpress,COMMANDE PERSONNALIS√âE,Oui
Bilel_lyon,Merci √† Martin excellent travail,13 oct. 2023 √† 08:50,https://comeup.com/fr/service/224625/creer-votre-boutique-en-ligne-ou-site-e-commerce-avec-woocommerce-et-wordpress,COMMANDE PERSONNALIS√âE,Oui
Goderon,"Martin JS a effectu√© un travail s√©rieux, il √©tait √† l'√©coute et il a fait tout son possible pour me satisfaire.",13 ao√ªt 2023 √† 14:28,https://comeup.com/fr/service/224625/creer-votre-boutique-en-ligne-ou-site-e-commerce-avec-woocommerce-et-wordpress,COMMANDE PERSONNALIS√âE,Oui
senaddzudzevic,"Tr√®s bonne r√©alisation, je suis tr√®s satisfait.",3 ao√ªt 2023 √† 09:22,https://comeup.com/fr/service/224625/creer-votre-boutique-en-ligne-ou-site-e-commerce-avec-woocommerce-et-wordpress,COMMANDE PERSONNALIS√âE,Oui
Goderon,"Martin JS m'a fait deux propositions rapidemment, j'ai pu faire mon choix il n'a pas √©t√© n√©c√©ssaire de faire des demandes de changement sur le logo.",6 juil. 2023 √† 18:22,https://comeup.com/fr/service/224625/creer-votre-boutique-en-ligne-ou-site-e-commerce-avec-woocommerce-et-wordpress,COMMANDE PERSONNALIS√âE,Oui
GabrielSoussan,Tr√®s bien merci.,26 juin 2023 √† 11:04,https://comeup.com/fr/service/224625/creer-votre-boutique-en-ligne-ou-site-e-commerce-avec-woocommerce-et-wordpress,COMMANDE PERSONNALIS√âE,Oui
GabrielSoussan,"Merci Martin, Je suis satisfait.",23 juin 2023 √† 09:13,https://comeup.com/fr/service/224625/creer-votre-boutique-en-ligne-ou-site-e-commerce-avec-woocommerce-et-wordpress,COMMANDE PERSONNALIS√âE,Oui
GabrielSoussan,Tr√®s bien merci √† vous,19 juin 2023 √† 10:54,https://comeup.com/fr/service/224625/creer-votre-boutique-en-ligne-ou-site-e-commerce-avec-woocommerce-et-wordpress,COMMANDE PERSONNALIS√âE,Oui
GabrielSoussan,Tr√®s bien merci,5 juin 2023 √† 18:08,https://comeup.com/fr/service/224625/creer-votre-boutique-en-ligne-ou-site-e-commerce-avec-woocommerce-et-wordpress,COMMANDE PERSONNALIS√âE,Oui
leppdvo,"Comme d'habitude, le service client et l'√©coute sont au rendez-vous. Travail de haute qualit√©.",12 avr. 2023 √† 08:38,https://comeup.com/fr/service/224625/creer-votre-boutique-en-ligne-ou-site-e-commerce-avec-woocommerce-et-wordpress,COMMANDE PERSONNALIS√âE,Oui
Didier68,Je suis tr√®s satisfait,8 avr. 2023 √† 10:40,https://comeup.com/fr/service/224625/creer-votre-boutique-en-ligne-ou-site-e-commerce-avec-woocommerce-et-wordpress,COMMANDE PERSONNALIS√âE,Oui
Didier68,Parfait,8 avr. 2023 √† 10:39,https://comeup.com/fr/service/224625/creer-votre-boutique-en-ligne-ou-site-e-commerce-avec-woocommerce-et-wordpress,COMMANDE PERSONNALIS√âE,Oui
Didier68,Merci beaucoup Martin,8 avr. 2023 √† 10:39,https://comeup.com/fr/service/224625/creer-votre-boutique-en-ligne-ou-site-e-commerce-avec-woocommerce-et-wordpress,COMMANDE PERSONNALIS√âE,Oui
Didier68,Merci beaucoup,5 avr. 2023 √† 18:51,https://comeup.com/fr/service/224625/creer-votre-boutique-en-ligne-ou-site-e-commerce-avec-woocommerce-et-wordpress,COMMANDE PERSONNALIS√âE,Oui
Didier68,Merci pour le travai effectu√©,5 avr. 2023 √† 18:51,https://comeup.com/fr/service/224625/creer-votre-boutique-en-ligne-ou-site-e-commerce-avec-woocommerce-et-wordpress,COMMANDE PERSONNALIS√âE,Oui
Didier68,Tr√®s satisfait,5 avr. 2023 √† 18:50,https://comeup.com/fr/service/224625/creer-votre-boutique-en-ligne-ou-site-e-commerce-avec-woocommerce-et-wordpress,COMMANDE PERSONNALIS√âE,Oui
Didier68,Parfait,5 avr. 2023 √† 18:49,https://comeup.com/fr/service/224625/creer-votre-boutique-en-ligne-ou-site-e-commerce-avec-woocommerce-et-wordpress,COMMANDE PERSONNALIS√âE,Oui
RemiGallois2,Tr√®s satisfait du travail men√© ! Martin est tr√®s professionnel et sera trouver et cr√©er votre boutique!,25 nov. 2022 √† 18:32,https://comeup.com/fr/service/224625/creer-votre-boutique-en-ligne-ou-site-e-commerce-avec-woocommerce-et-wordpress,COMMANDE PERSONNALIS√âE,Oui
Iniguezdeonzono,"Je suis tr√®s satisfaite du travail effectu√© par Martin. Il est professionnel, patient, bosseur, plein de bonnes propositions et la relation qualit√©-prix est imbattable. Je recommande Martin et je vais surement continuer √† lui demander d'autres services.",24 nov. 2022 √† 09:46,https://comeup.com/fr/service/224625/creer-votre-boutique-en-ligne-ou-site-e-commerce-avec-woocommerce-et-wordpress,COMMANDE PERSONNALIS√âE,Oui
quinjeanc,travail bien fait et rapide,7 nov. 2022 √† 13:52,https://comeup.com/fr/service/224625/creer-votre-boutique-en-ligne-ou-site-e-commerce-avec-woocommerce-et-wordpress,COMMANDE PERSONNALIS√âE,Oui
Mikailkrt,merci,6 oct. 2022 √† 13:28,https://comeup.com/fr/service/224625/creer-votre-boutique-en-ligne-ou-site-e-commerce-avec-woocommerce-et-wordpress,COMMANDE PERSONNALIS√âE,Oui
Mikailkrt,mefci,7 juil. 2022 √† 08:03,https://comeup.com/fr/service/224625/creer-votre-boutique-en-ligne-ou-site-e-commerce-avec-woocommerce-et-wordpress,COMMANDE PERSONNALIS√âE,Oui
Mikailkrt,"tr√®s satisfait , je recommande",20 juin 2022 √† 16:08,https://comeup.com/fr/service/224625/creer-votre-boutique-en-ligne-ou-site-e-commerce-avec-woocommerce-et-wordpress,COMMANDE BASIQUE,Oui
UNMIRACLEPOURTOI,Satisfait ! Tr√®s beau travail ! Je recommande !,2 juin 2022 √† 16:45,https://comeup.com/fr/service/224625/creer-votre-boutique-en-ligne-ou-site-e-commerce-avec-woocommerce-et-wordpress,COMMANDE PERSONNALIS√âE,Oui
meriem75,"Tr√®s satisfaite des services de Martin, comme toujours ! Je ne cherche plus, j'ai trouv√© la personne qu'il me faut : r√©active, efficace et tr√®s sympathique !",7 mai 2022 √† 20:12,https://comeup.com/fr/service/224625/creer-votre-boutique-en-ligne-ou-site-e-commerce-avec-woocommerce-et-wordpress,COMMANDE PERSONNALIS√âE,Oui
boxmade,"Un excellent travail, merci pour tout! Je referais appel √† vous si besoin sans h√©siter",15 avr. 2022 √† 21:00,https://comeup.com/fr/service/224625/creer-votre-boutique-en-ligne-ou-site-e-commerce-avec-woocommerce-et-wordpress,COMMANDE PERSONNALIS√âE,Oui
ThierryP,Martin fournit toujours un travail aussi professionnel. Site web optimis√© :-). Je recommande vivement.,8 mars 2022 √† 08:00,https://comeup.com/fr/service/224625/creer-votre-boutique-en-ligne-ou-site-e-commerce-avec-woocommerce-et-wordpress,COMMANDE PERSONNALIS√âE,Oui
Agence_iFocus,"Tr√®s pro, dispo, r√©actif et surtout a des prix d√©fiant toute concurrence . Merci Martin . Je recommande ‚≠êÔ∏è‚≠êÔ∏è‚≠êÔ∏è‚≠êÔ∏è‚≠êÔ∏è",14 janv. 2022 √† 16:59,https://comeup.com/fr/service/224625/creer-votre-boutique-en-ligne-ou-site-e-commerce-avec-woocommerce-et-wordpress,COMMANDE PERSONNALIS√âE,Oui
Agence_iFocus,"‚≠êÔ∏è‚≠êÔ∏è‚≠êÔ∏è‚≠êÔ∏è‚≠êÔ∏è Martin est super, sa patience et son professionnalisme est tres agreable . C'est le debut dune futur collaboration long terme . Bravo Martin et Merci beacoup pour ce super site . Notre cliente est ravie",14 janv. 2022 √† 16:57,https://comeup.com/fr/service/224625/creer-votre-boutique-en-ligne-ou-site-e-commerce-avec-woocommerce-et-wordpress,COMMANDE PERSONNALIS√âE,Oui
miniki973,Je suis toujours satisfaite par ton travail! Merci encore,25 d√©c. 2021 √† 15:23,https://comeup.com/fr/service/224625/creer-votre-boutique-en-ligne-ou-site-e-commerce-avec-woocommerce-et-wordpress,COMMANDE PERSONNALIS√âE,Oui
Armel_edja,bien,23 d√©c. 2021 √† 02:29,https://comeup.com/fr/service/224625/creer-votre-boutique-en-ligne-ou-site-e-commerce-avec-woocommerce-et-wordpress,COMMANDE PERSONNALIS√âE,Oui
Asclepios132,Merci pour votre travail et votre implication,5 d√©c. 2021 √† 09:01,https://comeup.com/fr/service/224625/creer-votre-boutique-en-ligne-ou-site-e-commerce-avec-woocommerce-et-wordpress,COMMANDE PERSONNALIS√âE,Oui
kev1,Super belle prestation,29 nov. 2021 √† 20:51,https://comeup.com/fr/service/224625/creer-votre-boutique-en-ligne-ou-site-e-commerce-avec-woocommerce-et-wordpress,COMMANDE PERSONNALIS√âE,Oui
Asclepios132,"Martin est tr√®s professionnel, √† l'√©coute et il fait du bon travail üëçüèª",28 oct. 2021 √† 11:37,https://comeup.com/fr/service/224625/creer-votre-boutique-en-ligne-ou-site-e-commerce-avec-woocommerce-et-wordpress,COMMANDE PERSONNALIS√âE,Oui
RemiGallois2,"Au top, super professionnel ! Je recommande vivement aux personnes souhaitant mettre en avant leur site ou leur boutique en ligne",8 oct. 2021 √† 22:50,https://comeup.com/fr/service/224625/creer-votre-boutique-en-ligne-ou-site-e-commerce-avec-woocommerce-et-wordpress,COMMANDE PERSONNALIS√âE,Oui
jkauto13,Bon travail merci!,29 sept. 2021 √† 07:39,https://comeup.com/fr/service/224625/creer-votre-boutique-en-ligne-ou-site-e-commerce-avec-woocommerce-et-wordpress,COMMANDE PERSONNALIS√âE,Oui
Ayoubouilali,"Rendu nickel comme d‚Äôhabitude, merci.",24 sept. 2024 √† 19:41,https://comeup.com/fr/service/221336/creer-votre-site-wordpress-optimise-seo-avec-un-design-premium,COMMANDE PERSONNALIS√âE,Oui
Nelly_Leblog,Bon travail √† lui.,29 mai 2024 √† 17:39,https://comeup.com/fr/service/221336/creer-votre-site-wordpress-optimise-seo-avec-un-design-premium,COMMANDE PERSONNALIS√âE,Oui
Nelly_Leblog,Travail bien r√©aliser. Tr√®s satisfait de notre site.,29 mai 2024 √† 17:27,https://comeup.com/fr/service/221336/creer-votre-site-wordpress-optimise-seo-avec-un-design-premium,COMMANDE PERSONNALIS√âE,Oui
DavidGiannarelli,Thanks a lot for the job ! Really great ! Comme toujours !,14 avr. 2024 √† 16:09,https://comeup.com/fr/service/221336/creer-votre-site-wordpress-optimise-seo-avec-un-design-premium,COMMANDE PERSONNALIS√âE,Oui
lesbonsgars,"Tout s'est bien pass√©, bonne communication",28 mars 2024 √† 00:48,https://comeup.com/fr/service/221336/creer-votre-site-wordpress-optimise-seo-avec-un-design-premium,COMMANDE PERSONNALIS√âE,Oui
Margauxmulero,Tr√®s professionnel je recommande,9 mars 2024 √† 23:31,https://comeup.com/fr/service/221336/creer-votre-site-wordpress-optimise-seo-avec-un-design-premium,COMMANDE BASIQUE,Oui
Flocha21110,Compl√©ment de formation avec Martin parfait. Certainement √† bient√¥t pour un autre travail.,15 janv. 2024 √† 08:34,https://comeup.com/fr/service/221336/creer-votre-site-wordpress-optimise-seo-avec-un-design-premium,COMMANDE PERSONNALIS√âE,Oui
Lindah,"Martin est professionnel, je continue avec lui pour une autre mission.",2 janv. 2024 √† 16:16,https://comeup.com/fr/service/221336/creer-votre-site-wordpress-optimise-seo-avec-un-design-premium,COMMANDE PERSONNALIS√âE,Oui
Raoul_X,C'est parfait ! Merci beaucoup ‚ú®,1 nov. 2023 √† 12:21,https://comeup.com/fr/service/221336/creer-votre-site-wordpress-optimise-seo-avec-un-design-premium,COMMANDE PERSONNALIS√âE,Oui
senaddzudzevic,bon travail,23 oct. 2023 √† 15:11,https://comeup.com/fr/service/221336/creer-votre-site-wordpress-optimise-seo-avec-un-design-premium,COMMANDE PERSONNALIS√âE,Oui
Noram,Je suis tr√®s satisfaite des services de Martin qui a pris en charge la r√©cup√©ration de mon site et de sa refonte de mani√®re tr√®s professionnelle et avec beaucoup de patience compte tenu des probl√©matiques rencontr√©es. Je recommande vivement ses services.,1 ao√ªt 2023 √† 20:18,https://comeup.com/fr/service/221336/creer-votre-site-wordpress-optimise-seo-avec-un-design-premium,COMMANDE PERSONNALIS√âE,Oui
SAFWANE6978,"Excellent travail comme toujours, c'est la troisi√®me fois que je fais appel √† Martin et je ne suis jamais d√©√ßu !",14 juin 2023 √† 18:05,https://comeup.com/fr/service/221336/creer-votre-site-wordpress-optimise-seo-avec-un-design-premium,COMMANDE PERSONNALIS√âE,Oui
ced632,"La nouvelle conception que vous avez cr√©√©e pour notre projet est √† la fois moderne, esth√©tique et parfaitement align√©e avec nos besoins. De plus, j'appr√©cie √©norm√©ment votre professionnalisme et votre engagement tout au long du processus. Vous avez fait preuve d'une grande √©coute, en comprenant nos exigences et en les transformant en une r√©alit√© visuelle captivante.",7 juin 2023 √† 11:19,https://comeup.com/fr/service/221336/creer-votre-site-wordpress-optimise-seo-avec-un-design-premium,COMMANDE PERSONNALIS√âE,Oui
SAFWANE6978,"Martin a √©t√© excellent et il a fait un travail vraiment formidable, je le conseille vivement",6 avr. 2023 √† 00:02,https://comeup.com/fr/service/221336/creer-votre-site-wordpress-optimise-seo-avec-un-design-premium,COMMANDE PERSONNALIS√âE,Oui
guilleuxyannick,je suis satisfait,4 avr. 2023 √† 10:39,https://comeup.com/fr/service/221336/creer-votre-site-wordpress-optimise-seo-avec-un-design-premium,COMMANDE PERSONNALIS√âE,Oui
SAFWANE6978,tr√®s bien,4 f√©vr. 2023 √† 16:19,https://comeup.com/fr/service/221336/creer-votre-site-wordpress-optimise-seo-avec-un-design-premium,COMMANDE PERSONNALIS√âE,Oui
co_5,Je recommande comme webdesigner Martin a fait un travail tr√®s professionnel,23 janv. 2023 √† 20:01,https://comeup.com/fr/service/221336/creer-votre-site-wordpress-optimise-seo-avec-un-design-premium,COMMANDE BASIQUE,Oui
charlesandap,Bon travail,13 d√©c. 2022 √† 01:20,https://comeup.com/fr/service/221336/creer-votre-site-wordpress-optimise-seo-avec-un-design-premium,COMMANDE PERSONNALIS√âE,Oui
Olivier1010,Bravo,15 nov. 2022 √† 17:51,https://comeup.com/fr/service/221336/creer-votre-site-wordpress-optimise-seo-avec-un-design-premium,COMMANDE PERSONNALIS√âE,Oui
charlesandap,"Bon travail et excellente relation, je vais continuer √† travailler avec Martin !",14 oct. 2022 √† 13:25,https://comeup.com/fr/service/221336/creer-votre-site-wordpress-optimise-seo-avec-un-design-premium,COMMANDE PERSONNALIS√âE,Oui
upi72,Parfait martin ! tr√®s efficace et r√©actif comme d'habitude .,29 juin 2022 √† 15:10,https://comeup.com/fr/service/221336/creer-votre-site-wordpress-optimise-seo-avec-un-design-premium,COMMANDE BASIQUE,Oui
upi72,"un vrai pro , travail bien fait en un temps record !",29 juin 2022 √† 14:08,https://comeup.com/fr/service/221336/creer-votre-site-wordpress-optimise-seo-avec-un-design-premium,COMMANDE BASIQUE,Oui
Momolita,Merci Martin.,21 juin 2022 √† 21:38,https://comeup.com/fr/service/221336/creer-votre-site-wordpress-optimise-seo-avec-un-design-premium,COMMANDE PERSONNALIS√âE,Oui
kev1,Tr√®s bien,20 juin 2022 √† 00:03,https://comeup.com/fr/service/221336/creer-votre-site-wordpress-optimise-seo-avec-un-design-premium,COMMANDE PERSONNALIS√âE,Oui
Mikailkrt,merci je reccommande,31 mai 2022 √† 13:17,https://comeup.com/fr/service/221336/creer-votre-site-wordpress-optimise-seo-avec-un-design-premium,COMMANDE PERSONNALIS√âE,Oui
MichelMyara,vous √™tes vraiment super professionnel. Je suis plus que content.,22 f√©vr. 2022 √† 22:58,https://comeup.com/fr/service/221336/creer-votre-site-wordpress-optimise-seo-avec-un-design-premium,COMMANDE PERSONNALIS√âE,Oui
MichelMyara,"toujours au top, tr√®s s√©rieux.",1 f√©vr. 2022 √† 09:55,https://comeup.com/fr/service/221336/creer-votre-site-wordpress-optimise-seo-avec-un-design-premium,COMMANDE PERSONNALIS√âE,Oui
MichelMyara,"impeccable, bonne prestation.",21 janv. 2022 √† 11:17,https://comeup.com/fr/service/221336/creer-votre-site-wordpress-optimise-seo-avec-un-design-premium,COMMANDE PERSONNALIS√âE,Oui
ThierryP,"Travail toujours aussi qualitatif sur un autre site web :-). Tr√®s professionnel, allez-y !",15 janv. 2022 √† 18:37,https://comeup.com/fr/service/221336/creer-votre-site-wordpress-optimise-seo-avec-un-design-premium,COMMANDE PERSONNALIS√âE,Oui
ThierryP,Installation rapide et efficace d'un chatbot. Martin a r√©solu avec c√©l√©rit√© des dysfonctionnements non r√©solus par un pr√©c√©dent prestataire. Il conna√Æt son m√©tier :-),15 janv. 2022 √† 16:48,https://comeup.com/fr/service/221336/creer-votre-site-wordpress-optimise-seo-avec-un-design-premium,COMMANDE PERSONNALIS√âE,Oui
RemiGallois2,"Parfait! Quel travail, une personne impliqu√©e, a l‚Äô√©coute et hyper professionnelle",30 nov. 2021 √† 21:46,https://comeup.com/fr/service/221336/creer-votre-site-wordpress-optimise-seo-avec-un-design-premium,COMMANDE PERSONNALIS√âE,Oui
patricia74,Pas de commentaires,12 nov. 2021 √† 18:39,https://comeup.com/fr/service/221336/creer-votre-site-wordpress-optimise-seo-avec-un-design-premium,COMMANDE PERSONNALIS√âE,Oui
Mikailkrt,merci √† martin tr√®s efficace,10 nov. 2021 √† 20:33,https://comeup.com/fr/service/221336/creer-votre-site-wordpress-optimise-seo-avec-un-design-premium,COMMANDE BASIQUE,Oui
upi72,"Professionnel , disponible et ponctuel ! je recommande sans h√©sitation ! merci martin pour le site !",7 nov. 2021 √† 18:35,https://comeup.com/fr/service/221336/creer-votre-site-wordpress-optimise-seo-avec-un-design-premium,COMMANDE PERSONNALIS√âE,Oui
Osez,Parfait comme toujours. Merci,6 sept. 2021 √† 18:49,https://comeup.com/fr/service/221336/creer-votre-site-wordpress-optimise-seo-avec-un-design-premium,COMMANDE BASIQUE,Oui
DavidVillaeys,Comme toujours un travail de qualit√© !! offre de vrai comp√©tence et parfois m√™me plus que ce qui est convenu. Vraiment √† l'√©coute et patient je recommande sans h√©sitation,23 juil. 2021 √† 21:58,https://comeup.com/fr/service/221336/creer-votre-site-wordpress-optimise-seo-avec-un-design-premium,COMMANDE PERSONNALIS√âE,Oui
